year,gmv_total_billion_rmb,net_profit_billion_rmb
2018,515.6,-115.492695
2019,682.1,2.236165
2020,nan,4.707612
2021,nan,-23.536198
2022,nan,-6.685323
2023,nan,13.857331
2024,nan,35.808322
